{"stats":{"minecraft:used":{"minecraft:beetroot":1,"minecraft:spruce_slab":187,"minecraft:ladder":266,"minecraft:rotten_flesh":1,"minecraft:chest":119,"minecraft:stone":1949,"minecraft:tube_coral":1,"minecraft:soul_sand":111,"minecraft:cocoa_beans":87,"minecraft:blue_stained_glass":3,"minecraft:spruce_boat":18,"minecraft:jungle_sapling":1,"minecraft:packed_ice":5,"minecraft:lava_bucket":101,"minecraft:netherite_shovel":3978,"minecraft:music_disc_pigstep":4,"minecraft:black_stained_glass_pane":144,"minecraft:grass_block":15,"minecraft:birch_sapling":4,"minecraft:quartz_block":91,"minecraft:netherite_hoe":147,"minecraft:stone_brick_stairs":55,"minecraft:bow":2113,"minecraft:furnace":29,"minecraft:sweet_berries":326,"minecraft:oak_sapling":186,"minecraft:egg":2,"minecraft:potato":1334,"minecraft:dragon_head":1,"minecraft:seagrass":14,"minecraft:diorite":67,"minecraft:spruce_door":6,"minecraft:powered_rail":214,"minecraft:red_stained_glass":107,"minecraft:blackstone":261,"minecraft:cactus":20,"minecraft:wooden_pickaxe":43,"minecraft:composter":27,"minecraft:cookie":85,"minecraft:oak_leaves":579,"minecraft:respawn_anchor":5,"minecraft:dark_oak_trapdoor":134,"minecraft:golden_apple":40,"minecraft:sand":2264,"minecraft:blast_furnace":43,"minecraft:chiseled_sandstone":1,"minecraft:crying_obsidian":154,"minecraft:stone_button":479,"minecraft:lectern":682,"minecraft:coal_block":1,"minecraft:fire_charge":21,"minecraft:nether_wart_block":16,"minecraft:diamond_sword":1973,"minecraft:bubble_coral_block":28,"minecraft:poisonous_potato":1,"minecraft:smithing_table":1,"minecraft:birch_log":4,"minecraft:white_stained_glass":174,"minecraft:ice":97,"minecraft:compass":1,"minecraft:oak_trapdoor":276,"minecraft:iron_bars":45,"minecraft:polished_blackstone_brick_slab":12,"minecraft:stone_sword":124,"minecraft:enchanting_table":4,"minecraft:armor_stand":5,"minecraft:cooked_salmon":8,"minecraft:torch":1004,"minecraft:netherrack":8847,"minecraft:light_gray_shulker_box":35,"minecraft:dragon_egg":2,"minecraft:brewing_stand":10,"minecraft:anvil":13,"minecraft:ancient_debris":1,"minecraft:nether_quartz_ore":2,"minecraft:golden_shovel":10,"minecraft:shroomlight":3,"minecraft:chipped_anvil":3,"minecraft:iron_block":549,"minecraft:jungle_log":34,"minecraft:totem_of_undying":13,"minecraft:barrel":10,"minecraft:bamboo":129,"minecraft:glowstone":24,"minecraft:basalt":365,"minecraft:beef":1,"minecraft:crimson_stem":5,"minecraft:golden_axe":29,"minecraft:wheat_seeds":734,"minecraft:water_bucket":1354,"minecraft:tube_coral_block":10,"minecraft:birch_planks":107,"minecraft:bubble_coral_fan":2,"minecraft:cauldron":3,"minecraft:fletching_table":18,"minecraft:spruce_fence_gate":2,"minecraft:polished_blackstone_bricks":459,"minecraft:rail":1194,"minecraft:orange_carpet":500,"minecraft:tnt":1,"minecraft:crafting_table":114,"minecraft:oak_slab":90,"minecraft:crimson_trapdoor":2,"minecraft:white_bed":91,"minecraft:campfire":84,"minecraft:lime_shulker_box":54,"minecraft:spruce_log":2,"minecraft:oak_log":25,"minecraft:ender_eye":32,"minecraft:diamond_pickaxe":31538,"minecraft:diamond_shovel":11485,"minecraft:iron_pickaxe":10212,"minecraft:suspicious_stew":4,"minecraft:spruce_trapdoor":55,"minecraft:spruce_sapling":51,"minecraft:crimson_nylium":34,"minecraft:cobblestone":5348,"minecraft:potion":8,"minecraft:cooked_porkchop":56,"minecraft:porkchop":1,"minecraft:jukebox":1,"minecraft:iron_shovel":203,"minecraft:oak_sign":7,"minecraft:diamond_hoe":1075,"minecraft:bone_block":7,"minecraft:polished_basalt":13,"minecraft:shield":141,"minecraft:iron_sword":982,"minecraft:nether_wart":109,"minecraft:bell":4,"minecraft:grass":22,"minecraft:mutton":12,"minecraft:nether_bricks":1843,"minecraft:carrot":1703,"minecraft:obsidian":186,"minecraft:glass":1256,"minecraft:crimson_button":1283,"minecraft:coal_ore":1,"minecraft:lantern":27,"minecraft:polished_blackstone_brick_wall":411,"minecraft:crimson_roots":2,"minecraft:stone_bricks":489,"minecraft:item_frame":35,"minecraft:birch_trapdoor":1,"minecraft:red_carpet":24,"minecraft:magma_block":5,"minecraft:hay_block":8,"minecraft:scaffolding":292,"minecraft:blue_shulker_box":16,"minecraft:gold_block":14,"minecraft:end_rod":1,"minecraft:chiseled_polished_blackstone":37,"minecraft:wither_skeleton_skull":16,"minecraft:stone_pickaxe":131,"minecraft:oak_planks":1017,"minecraft:ender_pearl":1049,"minecraft:sandstone":28,"minecraft:sugar_cane":108,"minecraft:diamond_axe":2331,"minecraft:white_wool":5,"minecraft:golden_hoe":33,"minecraft:loom":9,"minecraft:stone_brick_wall":5,"minecraft:crossbow":21,"minecraft:end_stone":50,"minecraft:shears":738,"minecraft:redstone_torch":46,"minecraft:lever":4,"minecraft:firework_rocket":57,"minecraft:bread":289,"minecraft:gravel":409,"minecraft:iron_door":16,"minecraft:netherite_sword":8617,"minecraft:andesite":67,"minecraft:golden_pickaxe":128,"minecraft:trident":578,"minecraft:grindstone":4,"minecraft:bone_meal":815,"minecraft:smooth_stone_slab":392,"minecraft:experience_bottle":1,"minecraft:flint_and_steel":258,"minecraft:stone_shovel":380,"minecraft:spruce_planks":109,"minecraft:ender_chest":36,"minecraft:stone_hoe":133,"minecraft:cooked_chicken":14,"minecraft:oak_door":14,"minecraft:dirt":2093,"minecraft:white_carpet":105,"minecraft:hopper":90,"minecraft:spruce_stairs":8,"minecraft:cobblestone_wall":165,"minecraft:shulker_box":67,"minecraft:bee_nest":7,"minecraft:granite":22,"minecraft:dark_oak_planks":22,"minecraft:wooden_axe":1,"minecraft:stone_brick_slab":3307,"minecraft:bookshelf":98,"minecraft:light_gray_stained_glass":10,"minecraft:oak_stairs":99,"minecraft:crimson_slab":140,"minecraft:polished_blackstone_brick_stairs":157,"minecraft:crimson_planks":593,"minecraft:emerald_block":232,"minecraft:black_stained_glass":2,"minecraft:golden_carrot":64,"minecraft:soul_soil":19,"minecraft:lime_stained_glass":19,"minecraft:white_stained_glass_pane":10,"minecraft:minecart":141,"minecraft:netherite_pickaxe":36739,"minecraft:horn_coral_block":5,"minecraft:cooked_beef":37,"minecraft:light_gray_bed":1,"minecraft:turtle_egg":38,"minecraft:enchanted_golden_apple":1,"minecraft:cooked_mutton":68,"minecraft:iron_ore":1,"minecraft:cobblestone_stairs":20,"minecraft:lodestone":1,"minecraft:glass_bottle":35,"minecraft:baked_potato":1805,"minecraft:spruce_sign":9,"minecraft:cut_sandstone":1,"minecraft:birch_boat":1,"minecraft:black_shulker_box":13,"minecraft:beacon":11,"minecraft:stonecutter":3,"minecraft:green_bed":15,"minecraft:cobblestone_slab":504,"minecraft:music_disc_cat":2,"minecraft:spider_eye":1,"minecraft:smoker":4,"minecraft:nether_gold_ore":17,"minecraft:wooden_hoe":62,"minecraft:apple":8,"minecraft:cracked_polished_blackstone_bricks":42,"minecraft:netherite_axe":4935,"minecraft:stone_slab":13,"minecraft:stone_axe":364,"minecraft:fishing_rod":16,"minecraft:fire_coral_block":14,"minecraft:end_crystal":16,"minecraft:white_banner":25,"minecraft:bucket":1492,"minecraft:pumpkin_pie":37,"minecraft:yellow_bed":18,"minecraft:sea_pickle":15,"minecraft:purple_carpet":26,"minecraft:splash_potion":25,"minecraft:soul_torch":28},"minecraft:broken":{"minecraft:golden_boots":1,"minecraft:shears":2,"minecraft:iron_boots":1,"minecraft:iron_chestplate":1,"minecraft:chainmail_boots":1,"minecraft:diamond_shovel":1,"minecraft:diamond_pickaxe":2,"minecraft:fishing_rod":1,"minecraft:bow":1,"minecraft:shield":1,"minecraft:iron_pickaxe":30,"minecraft:iron_helmet":1,"minecraft:golden_helmet":1,"minecraft:stone_pickaxe":1,"minecraft:stone_axe":2,"minecraft:stone_shovel":2,"minecraft:golden_hoe":1,"minecraft:flint_and_steel":1,"minecraft:golden_pickaxe":4},"minecraft:crafted":{"minecraft:ender_chest":3,"minecraft:lime_stained_glass":16,"minecraft:black_dye":21,"minecraft:smooth_stone":234,"minecraft:oak_sign":9,"minecraft:orange_carpet":384,"minecraft:birch_boat":1,"minecraft:blaze_powder":68,"minecraft:birch_slab":36,"minecraft:loom":2,"minecraft:lever":4,"minecraft:diamond_shovel":3,"minecraft:bookshelf":66,"minecraft:cooked_mutton":52,"minecraft:shulker_box":8,"minecraft:iron_bars":16,"minecraft:quartz_block":89,"minecraft:glass":1418,"minecraft:diamond_helmet":4,"minecraft:diamond_leggings":3,"minecraft:netherite_boots":1,"minecraft:beacon":3,"minecraft:iron_door":6,"minecraft:name_tag":10,"minecraft:turtle_helmet":2,"minecraft:glass_bottle":111,"minecraft:blue_stained_glass":8,"minecraft:wooden_shovel":1,"minecraft:emerald":2703,"minecraft:cooked_porkchop":41,"minecraft:diamond_axe":3,"minecraft:green_bed":7,"minecraft:spruce_door":6,"minecraft:smithing_table":1,"minecraft:golden_pickaxe":4,"minecraft:brown_bed":6,"minecraft:fletching_table":6,"minecraft:hay_block":7,"minecraft:campfire":54,"minecraft:light_gray_bed":1,"minecraft:stone_brick_stairs":703,"minecraft:lime_shulker_box":1,"minecraft:lectern":12,"minecraft:wooden_hoe":1,"minecraft:stone_slab":12,"minecraft:compass":17,"minecraft:iron_pickaxe":44,"minecraft:iron_block":588,"minecraft:gold_ingot":1345,"minecraft:sandstone":19,"minecraft:light_gray_dye":3,"minecraft:netherite_ingot":17,"minecraft:composter":6,"minecraft:spruce_fence_gate":1,"minecraft:polished_blackstone_bricks":15,"minecraft:packed_ice":2,"minecraft:golden_carrot":68,"minecraft:stone_shovel":5,"minecraft:smooth_stone_slab":384,"minecraft:jukebox":1,"minecraft:iron_nugget":129,"minecraft:crimson_trapdoor":2,"minecraft:diamond_hoe":1,"minecraft:soul_torch":24,"minecraft:yellow_bed":3,"minecraft:bone_meal":861,"minecraft:blue_shulker_box":1,"minecraft:white_carpet":117,"minecraft:lantern":33,"minecraft:netherite_axe":1,"minecraft:spruce_stairs":8,"minecraft:light_gray_shulker_box":1,"minecraft:ladder":345,"minecraft:spruce_slab":144,"minecraft:blue_banner":6,"minecraft:stone_pickaxe":1,"minecraft:diamond_boots":5,"minecraft:spruce_boat":5,"minecraft:purple_carpet":24,"minecraft:dark_oak_planks":528,"minecraft:golden_helmet":2,"minecraft:chainmail_leggings":12,"minecraft:wheat":747,"minecraft:coal_block":61,"minecraft:crossbow":3,"minecraft:netherite_pickaxe":1,"minecraft:polished_blackstone_brick_slab":12,"minecraft:enchanting_table":1,"minecraft:crimson_slab":192,"minecraft:red_carpet":24,"minecraft:glowstone":10,"minecraft:enchanted_book":41,"minecraft:white_stained_glass":128,"minecraft:red_stained_glass":80,"minecraft:golden_apple":46,"minecraft:fermented_spider_eye":7,"minecraft:chainmail_boots":12,"minecraft:birch_trapdoor":2,"minecraft:oak_stairs":88,"minecraft:wooden_axe":1,"minecraft:black_stained_glass_pane":112,"minecraft:iron_shovel":1,"minecraft:iron_leggings":4,"minecraft:white_bed":51,"minecraft:oak_planks":11744,"minecraft:cobblestone_slab":630,"minecraft:barrel":7,"minecraft:cooked_chicken":8,"minecraft:cobblestone_stairs":20,"minecraft:stone":648,"minecraft:spruce_pressure_plate":1,"minecraft:suspicious_stew":4,"minecraft:green_dye":3,"minecraft:hopper":46,"minecraft:stone_brick_slab":3168,"minecraft:bow":9,"minecraft:iron_boots":3,"minecraft:polished_basalt":12,"minecraft:chest":116,"minecraft:netherite_helmet":1,"minecraft:oak_button":64,"minecraft:rail":480,"minecraft:birch_button":24,"minecraft:stone_hoe":1,"minecraft:ender_eye":37,"minecraft:golden_sword":5,"minecraft:golden_boots":4,"minecraft:respawn_anchor":2,"minecraft:smoker":3,"minecraft:white_banner":1,"minecraft:oak_slab":174,"minecraft:item_frame":16,"minecraft:arrow":108,"minecraft:cauldron":1,"minecraft:crafting_table":57,"minecraft:spruce_planks":712,"minecraft:wooden_pickaxe":1,"minecraft:baked_potato":2112,"minecraft:iron_helmet":5,"minecraft:chainmail_chestplate":8,"minecraft:red_wool":16,"minecraft:gold_block":16,"minecraft:brewing_stand":4,"minecraft:birch_planks":1580,"minecraft:white_stained_glass_pane":16,"minecraft:black_shulker_box":1,"minecraft:spruce_trapdoor":60,"minecraft:charcoal":1,"minecraft:iron_chestplate":3,"minecraft:book":110,"minecraft:paper":1767,"minecraft:diamond_pickaxe":11,"minecraft:emerald_block":200,"minecraft:shield":8,"minecraft:stick":20139,"minecraft:iron_ingot":1500,"minecraft:stone_sword":1,"minecraft:snow_block":6,"minecraft:redstone_torch":42,"minecraft:shears":41,"minecraft:oak_door":15,"minecraft:wooden_sword":1,"minecraft:purple_wool":16,"minecraft:cookie":162,"minecraft:redstone":52,"minecraft:coal":160,"minecraft:fishing_rod":2,"minecraft:tripwire_hook":26,"minecraft:netherite_sword":2,"minecraft:light_gray_stained_glass":16,"minecraft:furnace":37,"minecraft:stone_button":363,"minecraft:blast_furnace":6,"minecraft:dark_oak_trapdoor":140,"minecraft:crimson_button":1108,"minecraft:glass_pane":112,"minecraft:oak_trapdoor":244,"minecraft:flint_and_steel":12,"minecraft:scaffolding":222,"minecraft:netherite_chestplate":1,"minecraft:netherite_leggings":1,"minecraft:lime_dye":4,"minecraft:netherite_scrap":72,"minecraft:minecart":8,"minecraft:cooked_beef":44,"minecraft:sugar":12,"minecraft:red_dye":68,"minecraft:crimson_planks":2064,"minecraft:diamond_sword":9,"minecraft:spruce_sign":9,"minecraft:powered_rail":186,"minecraft:iron_sword":5,"minecraft:black_banner":1,"minecraft:cooked_salmon":8,"minecraft:bucket":44,"minecraft:stone_axe":3,"minecraft:bread":357,"minecraft:air":0,"minecraft:jungle_planks":64,"minecraft:black_stained_glass":8,"minecraft:blue_dye":2,"minecraft:white_wool":11,"minecraft:gold_nugget":328,"minecraft:white_dye":47,"minecraft:stonecutter":2,"minecraft:anvil":6,"minecraft:pumpkin_pie":40,"minecraft:torch":1060,"minecraft:end_crystal":16,"minecraft:lapis_lazuli":8,"minecraft:diamond_chestplate":4,"minecraft:firework_rocket":2679},"minecraft:killed_by":{"minecraft:piglin_brute":1,"minecraft:ravager":1,"minecraft:vindicator":2,"minecraft:creeper":1,"minecraft:piglin":2,"minecraft:blaze":1,"minecraft:enderman":1,"minecraft:iron_golem":1,"minecraft:hoglin":3,"minecraft:skeleton":1},"minecraft:killed":{"minecraft:cave_spider":3,"minecraft:shulker":38,"minecraft:skeleton":388,"minecraft:chicken":55,"minecraft:magma_cube":145,"minecraft:salmon":19,"minecraft:iron_golem":22,"minecraft:ender_dragon":5,"minecraft:pillager":218,"minecraft:donkey":2,"minecraft:zombie":425,"minecraft:cow":52,"minecraft:evoker":15,"minecraft:vindicator":64,"minecraft:endermite":10,"minecraft:horse":19,"minecraft:ocelot":1,"minecraft:husk":1,"minecraft:wandering_trader":3,"minecraft:ravager":13,"minecraft:polar_bear":1,"minecraft:enderman":10628,"minecraft:zombified_piglin":140,"minecraft:witch":29,"minecraft:spider":92,"minecraft:wither":3,"minecraft:bee":2,"minecraft:silverfish":17,"minecraft:turtle":39,"minecraft:piglin_brute":23,"minecraft:wolf":6,"minecraft:piglin":233,"minecraft:pig":19,"minecraft:zombie_villager":8,"minecraft:creeper":120,"minecraft:sheep":68,"minecraft:trader_llama":8,"minecraft:ghast":54,"minecraft:blaze":135,"minecraft:vex":11,"minecraft:phantom":6,"minecraft:drowned":20,"minecraft:bat":12,"minecraft:hoglin":46,"minecraft:squid":14,"minecraft:wither_skeleton":193,"minecraft:villager":10},"minecraft:dropped":{"minecraft:crimson_stem":1,"minecraft:iron_sword":2,"minecraft:porkchop":13,"minecraft:lapis_lazuli":45,"minecraft:cooked_beef":36,"minecraft:glass_bottle":19,"minecraft:diamond":9,"minecraft:crafting_table":2,"minecraft:lime_stained_glass":1,"minecraft:cooked_porkchop":7,"minecraft:orange_tulip":24,"minecraft:crossbow":23,"minecraft:weeping_vines":14,"minecraft:cookie":34,"minecraft:warped_roots":1,"minecraft:fletching_table":1,"minecraft:saddle":9,"minecraft:purpur_stairs":4,"minecraft:elytra":2,"minecraft:rail":22,"minecraft:dragon_breath":1,"minecraft:leather_helmet":3,"minecraft:red_mushroom":1,"minecraft:emerald":5,"minecraft:dirt":3018,"minecraft:grass":6,"minecraft:stone_button":3,"minecraft:black_stained_glass_pane":62,"minecraft:dark_oak_trapdoor":10,"minecraft:netherite_boots":1,"minecraft:gold_nugget":36,"minecraft:bone_meal":6,"minecraft:sunflower":2,"minecraft:sand":102,"minecraft:sugar":8,"minecraft:iron_pickaxe":6,"minecraft:polished_blackstone_slab":1,"minecraft:dark_oak_planks":76,"minecraft:fishing_rod":1,"minecraft:white_wool":30,"minecraft:bone":322,"minecraft:oak_door":5,"minecraft:stone_axe":2,"minecraft:compass":9,"minecraft:sugar_cane":28,"minecraft:lever":4,"minecraft:iron_nugget":63,"minecraft:cooked_chicken":51,"minecraft:golden_chestplate":2,"minecraft:detector_rail":2,"minecraft:nether_brick":140,"minecraft:wheat":37,"minecraft:netherite_sword":1,"minecraft:birch_sapling":7,"minecraft:obsidian":12,"minecraft:rotten_flesh":467,"minecraft:oak_planks":247,"minecraft:end_stone":21,"minecraft:glowstone_dust":9,"minecraft:blaze_powder":4,"minecraft:nether_brick_fence":9,"minecraft:white_bed":3,"minecraft:salmon":1,"minecraft:tipped_arrow":5,"minecraft:coal_ore":14,"minecraft:charcoal":4,"minecraft:jungle_log":4,"minecraft:leather_boots":1,"minecraft:ladder":55,"minecraft:leather_leggings":3,"minecraft:white_dye":26,"minecraft:spruce_slab":5,"minecraft:end_stone_bricks":2,"minecraft:glass":46,"minecraft:beef":11,"minecraft:crying_obsidian":15,"minecraft:ghast_tear":2,"minecraft:stone_brick_stairs":75,"minecraft:lectern":3,"minecraft:egg":5,"minecraft:crimson_planks":90,"minecraft:enchanted_book":4,"minecraft:golden_boots":5,"minecraft:iron_ingot":54,"minecraft:black_dye":4,"minecraft:birch_leaves":5,"minecraft:wheat_seeds":380,"minecraft:tnt":2,"minecraft:netherite_chestplate":2,"minecraft:oak_fence":12,"minecraft:iron_helmet":7,"minecraft:feather":11,"minecraft:cobblestone":1702,"minecraft:book":2,"minecraft:apple":6,"minecraft:granite":182,"minecraft:music_disc_pigstep":1,"minecraft:spruce_door":1,"minecraft:coal":187,"minecraft:golden_apple":7,"minecraft:end_rod":1,"minecraft:oxeye_daisy":9,"minecraft:ink_sac":23,"minecraft:wooden_axe":1,"minecraft:diamond_helmet":1,"minecraft:potion":13,"minecraft:oak_stairs":3,"minecraft:pumpkin":6,"minecraft:white_banner":18,"minecraft:smooth_stone":6,"minecraft:iron_shovel":1,"minecraft:chainmail_leggings":15,"minecraft:paper":70,"minecraft:string":110,"minecraft:stone_brick_slab":172,"minecraft:pink_tulip":1,"minecraft:snow_block":6,"minecraft:purpur_pillar":10,"minecraft:soul_soil":77,"minecraft:soul_torch":1,"minecraft:stone_sword":24,"minecraft:cobblestone_wall":12,"minecraft:smooth_stone_slab":21,"minecraft:bowl":6,"minecraft:chicken":19,"minecraft:white_carpet":1,"minecraft:clay_ball":16,"minecraft:iron_boots":7,"minecraft:stone_slab":19,"minecraft:nether_bricks":393,"minecraft:shears":36,"minecraft:diamond_sword":2,"minecraft:cobblestone_slab":85,"minecraft:potato":950,"minecraft:spruce_boat":3,"minecraft:shroomlight":3,"minecraft:stone":1229,"minecraft:flower_pot":1,"minecraft:peony":1,"minecraft:spruce_trapdoor":33,"minecraft:spruce_planks":67,"minecraft:diamond_pickaxe":2,"minecraft:blue_banner":6,"minecraft:redstone_torch":5,"minecraft:brown_bed":6,"minecraft:stone_bricks":70,"minecraft:spider_eye":33,"minecraft:bamboo":122,"minecraft:birch_boat":1,"minecraft:sandstone":32,"minecraft:bow":8,"minecraft:red_tulip":4,"minecraft:magma_block":20,"minecraft:black_wool":3,"minecraft:nether_brick_stairs":1,"minecraft:spruce_sign":1,"minecraft:gold_ore":7,"minecraft:crimson_nylium":3,"minecraft:soul_sand":280,"minecraft:brown_mushroom":2,"minecraft:birch_planks":17,"minecraft:oak_log":35,"minecraft:baked_potato":206,"minecraft:ender_pearl":2725,"minecraft:leather":78,"minecraft:tube_coral_fan":2,"minecraft:polished_blackstone_brick_wall":20,"minecraft:birch_slab":5,"minecraft:flint":238,"minecraft:cracked_polished_blackstone_bricks":39,"minecraft:dark_oak_log":7,"minecraft:crimson_trapdoor":1,"minecraft:orange_carpet":2,"minecraft:polished_blackstone_brick_stairs":1,"minecraft:mutton":2,"minecraft:crimson_roots":37,"minecraft:seagrass":11,"minecraft:cut_sandstone":3,"minecraft:snowball":8,"minecraft:polished_blackstone_bricks":114,"minecraft:birch_log":5,"minecraft:black_stained_glass":7,"minecraft:cauldron":4,"minecraft:gold_ingot":396,"minecraft:armor_stand":1,"minecraft:gravel":838,"minecraft:chiseled_polished_blackstone":31,"minecraft:blackstone":208,"minecraft:crimson_fungus":3,"minecraft:magenta_stained_glass":1,"minecraft:purpur_block":7,"minecraft:cooked_mutton":38,"minecraft:carrot":51,"minecraft:chainmail_chestplate":7,"minecraft:poppy":35,"minecraft:leather_chestplate":4,"minecraft:gunpowder":85,"minecraft:birch_trapdoor":1,"minecraft:fire_coral_fan":1,"minecraft:glowstone":16,"minecraft:spruce_pressure_plate":1,"minecraft:stone_brick_wall":64,"minecraft:bee_nest":1,"minecraft:chest":6,"minecraft:chainmail_boots":17,"minecraft:iron_ore":13,"minecraft:basalt":130,"minecraft:iron_bars":13,"minecraft:arrow":210,"minecraft:powered_rail":11,"minecraft:quartz":267,"minecraft:oak_leaves":18,"minecraft:splash_potion":5,"minecraft:netherrack":3403,"minecraft:purple_carpet":1,"minecraft:firework_rocket":155,"minecraft:water_bucket":1,"minecraft:bread":100,"minecraft:oak_slab":103,"minecraft:golden_helmet":2,"minecraft:mossy_cobblestone":1,"minecraft:smithing_table":1,"minecraft:minecart":5,"minecraft:diamond_leggings":3,"minecraft:poisonous_potato":23,"minecraft:netherite_axe":1,"minecraft:golden_axe":2,"minecraft:lead":2,"minecraft:spectral_arrow":4,"minecraft:grass_block":6,"minecraft:stick":347,"minecraft:diorite":283,"minecraft:nether_gold_ore":1,"minecraft:torch":84,"minecraft:nether_wart_block":217,"minecraft:melon_slice":55,"minecraft:light_gray_shulker_box":1,"minecraft:iron_door":3,"minecraft:light_gray_stained_glass":4,"minecraft:fire_charge":26,"minecraft:iron_leggings":2,"minecraft:iron_axe":3,"minecraft:polished_basalt":2,"minecraft:cactus":1,"minecraft:tripwire_hook":2,"minecraft:bucket":1,"minecraft:dandelion":24,"minecraft:redstone":326,"minecraft:anvil":1,"minecraft:oak_trapdoor":13,"minecraft:blaze_rod":13,"minecraft:composter":3,"minecraft:light_gray_wool":3,"minecraft:stripped_oak_log":1,"minecraft:totem_of_undying":4,"minecraft:shulker_box":1,"minecraft:flint_and_steel":8,"minecraft:crimson_button":2,"minecraft:shield":3,"minecraft:oak_button":64,"minecraft:iron_chestplate":2,"minecraft:andesite":249,"minecraft:golden_leggings":3,"minecraft:oak_sapling":52,"minecraft:golden_sword":19,"minecraft:spruce_log":3,"minecraft:nether_quartz_ore":1,"minecraft:magma_cream":5,"minecraft:white_stained_glass":42},"minecraft:picked_up":{"minecraft:seagrass":519,"minecraft:iron_chestplate":9,"minecraft:chainmail_boots":9,"minecraft:anvil":8,"minecraft:flower_pot":1,"minecraft:stone_slab":29,"minecraft:smithing_table":1,"minecraft:lead":33,"minecraft:diamond_sword":20,"minecraft:oak_stairs":25,"minecraft:enchanted_book":1,"minecraft:brewing_stand":10,"minecraft:golden_sword":18,"minecraft:music_disc_cat":2,"minecraft:polished_blackstone_brick_stairs":23,"minecraft:string":235,"minecraft:dark_oak_trapdoor":4,"minecraft:soul_soil":288,"minecraft:cooked_salmon":1,"minecraft:shroomlight":8,"minecraft:beetroot":1,"minecraft:diamond_leggings":15,"minecraft:gold_nugget":1327,"minecraft:horn_coral_block":5,"minecraft:spruce_planks":32,"minecraft:melon_slice":145,"minecraft:coal_block":1,"minecraft:golden_helmet":5,"minecraft:composter":24,"minecraft:purpur_pillar":12,"minecraft:green_bed":8,"minecraft:golden_axe":1,"minecraft:end_crystal":4,"minecraft:golden_chestplate":3,"minecraft:cauldron":6,"minecraft:stone_sword":26,"minecraft:polished_basalt":3,"minecraft:iron_block":45,"minecraft:red_tulip":4,"minecraft:glowstone":71,"minecraft:bookshelf":64,"minecraft:end_rod":4,"minecraft:white_terracotta":6,"minecraft:netherite_chestplate":11,"minecraft:blaze_rod":65,"minecraft:iron_bars":66,"minecraft:snowball":39,"minecraft:birch_log":490,"minecraft:magma_block":57,"minecraft:cooked_beef":161,"minecraft:feather":65,"minecraft:water_bucket":7,"minecraft:iron_door":16,"minecraft:jungle_log":54,"minecraft:smoker":2,"minecraft:flint":3781,"minecraft:netherite_leggings":4,"minecraft:lantern":20,"minecraft:purple_carpet":6,"minecraft:chipped_anvil":4,"minecraft:stonecutter":1,"minecraft:diamond_helmet":11,"minecraft:glowstone_dust":10,"minecraft:chiseled_polished_blackstone":36,"minecraft:ink_sac":66,"minecraft:loom":9,"minecraft:dark_oak_log":139,"minecraft:barrel":3,"minecraft:lever":4,"minecraft:granite":705,"minecraft:bread":252,"minecraft:crimson_roots":52,"minecraft:diamond_pickaxe":16,"minecraft:crafting_table":76,"minecraft:bee_nest":8,"minecraft:bubble_coral_fan":2,"minecraft:nether_wart":289,"minecraft:clay_ball":16,"minecraft:leather_leggings":4,"minecraft:crimson_trapdoor":1,"minecraft:dragon_head":2,"minecraft:purpur_block":13,"minecraft:netherite_scrap":9,"minecraft:elytra":7,"minecraft:flint_and_steel":2,"minecraft:compass":5,"minecraft:white_stained_glass":91,"minecraft:white_carpet":78,"minecraft:iron_shovel":2,"minecraft:respawn_anchor":6,"minecraft:netherite_sword":15,"minecraft:beef":65,"minecraft:jungle_sapling":1,"minecraft:iron_nugget":131,"minecraft:poppy":99,"minecraft:spruce_slab":71,"minecraft:minecart":144,"minecraft:chest":64,"minecraft:birch_sapling":11,"minecraft:egg":10,"minecraft:lime_shulker_box":53,"minecraft:black_stained_glass":1,"minecraft:sandstone":62,"minecraft:stone":5907,"minecraft:oak_door":14,"minecraft:fire_charge":63,"minecraft:carrot":1578,"minecraft:redstone":1342,"minecraft:netherite_pickaxe":6,"minecraft:tnt":8,"minecraft:diamond_chestplate":14,"minecraft:beetroot_seeds":3,"minecraft:peony":1,"minecraft:tube_coral_fan":2,"minecraft:shears":3,"minecraft:diamond_boots":15,"minecraft:hay_block":114,"minecraft:gold_ingot":158,"minecraft:tube_coral_block":10,"minecraft:totem_of_undying":33,"minecraft:rail":758,"minecraft:mutton":93,"minecraft:white_wool":278,"minecraft:bone_block":44,"minecraft:crimson_slab":13,"minecraft:oxeye_daisy":12,"minecraft:stripped_oak_log":8,"minecraft:birch_leaves":5,"minecraft:red_mushroom":2,"minecraft:purpur_stairs":4,"minecraft:oak_log":3122,"minecraft:ancient_debris":72,"minecraft:golden_boots":5,"minecraft:paper":7,"minecraft:white_banner":83,"minecraft:apple":54,"minecraft:stone_bricks":119,"minecraft:iron_ore":1331,"minecraft:magenta_stained_glass":1,"minecraft:glass_bottle":16,"minecraft:iron_sword":14,"minecraft:light_gray_stained_glass":4,"minecraft:sweet_berries":299,"minecraft:gravel":1400,"minecraft:spruce_sapling":52,"minecraft:spruce_log":213,"minecraft:crying_obsidian":180,"minecraft:dragon_egg":2,"minecraft:leather_helmet":3,"minecraft:firework_rocket":204,"minecraft:diamond_shovel":17,"minecraft:red_stained_glass":30,"minecraft:coal_ore":51,"minecraft:stone_axe":4,"minecraft:diamond_axe":11,"minecraft:scute":33,"minecraft:gray_wool":5,"minecraft:polished_blackstone_brick_wall":306,"minecraft:warped_roots":1,"minecraft:baked_potato":355,"minecraft:crimson_nylium":37,"minecraft:hopper":53,"minecraft:ender_pearl":4493,"minecraft:shulker_shell":19,"minecraft:wheat":669,"minecraft:ender_chest":34,"minecraft:nether_brick_fence":47,"minecraft:light_gray_shulker_box":35,"minecraft:yellow_wool":9,"minecraft:potion":18,"minecraft:turtle_egg":55,"minecraft:nether_brick":299,"minecraft:stone_brick_stairs":5,"minecraft:crimson_planks":222,"minecraft:smooth_stone_slab":93,"minecraft:iron_leggings":9,"minecraft:armor_stand":7,"minecraft:netherite_ingot":2,"minecraft:sea_pickle":15,"minecraft:black_shulker_box":12,"minecraft:smooth_stone":2,"minecraft:bucket":4,"minecraft:redstone_torch":18,"minecraft:cobblestone_slab":49,"minecraft:ender_eye":16,"minecraft:iron_pickaxe":29,"minecraft:iron_boots":25,"minecraft:furnace":14,"minecraft:tipped_arrow":6,"minecraft:stick":390,"minecraft:birch_trapdoor":1,"minecraft:oak_fence":12,"minecraft:torch":397,"minecraft:spruce_stairs":3,"minecraft:porkchop":68,"minecraft:crimson_button":177,"minecraft:netherite_shovel":1,"minecraft:diorite":615,"minecraft:music_disc_pigstep":5,"minecraft:blue_stained_glass":2,"minecraft:quartz_block":6,"minecraft:nether_gold_ore":537,"minecraft:cactus":31,"minecraft:rotten_flesh":585,"minecraft:fire_coral_fan":1,"minecraft:obsidian":209,"minecraft:cobblestone":9868,"minecraft:cod":2,"minecraft:blaze_powder":6,"minecraft:enchanting_table":3,"minecraft:leather_chestplate":5,"minecraft:lilac":1,"minecraft:magma_cream":50,"minecraft:andesite":643,"minecraft:orange_carpet":175,"minecraft:golden_leggings":3,"minecraft:beacon":8,"minecraft:potato":4480,"minecraft:wither_skeleton_skull":16,"minecraft:stripped_birch_log":4,"minecraft:lapis_lazuli":646,"minecraft:dirt":6406,"minecraft:name_tag":6,"minecraft:leather_boots":1,"minecraft:glass":454,"minecraft:bone":758,"minecraft:bow":23,"minecraft:wheat_seeds":2212,"minecraft:orange_tulip":24,"minecraft:bell":4,"minecraft:grindstone":4,"minecraft:netherite_axe":4,"minecraft:mossy_stone_bricks":2,"minecraft:bamboo":635,"minecraft:fletching_table":16,"minecraft:powered_rail":60,"minecraft:stone_hoe":1,"minecraft:oak_planks":456,"minecraft:ghast_tear":24,"minecraft:cooked_porkchop":99,"minecraft:poisonous_potato":27,"minecraft:polished_blackstone_slab":1,"minecraft:black_stained_glass_pane":97,"minecraft:sand":3840,"minecraft:nether_brick_stairs":1,"minecraft:grass_block":22,"minecraft:spectral_arrow":416,"minecraft:chiseled_sandstone":1,"minecraft:shulker_box":65,"minecraft:mossy_cobblestone":4,"minecraft:spruce_fence_gate":1,"minecraft:spruce_boat":17,"minecraft:sugar":8,"minecraft:diamond":185,"minecraft:netherite_helmet":1,"minecraft:cracked_polished_blackstone_bricks":83,"minecraft:crossbow":35,"minecraft:grass":28,"minecraft:bone_meal":74,"minecraft:golden_apple":17,"minecraft:spruce_sign":4,"minecraft:emerald":183,"minecraft:oak_sapling":331,"minecraft:bubble_coral_block":28,"minecraft:netherrack":16586,"minecraft:oak_leaves":621,"minecraft:nether_star":3,"minecraft:end_stone_bricks":4,"minecraft:charcoal":10,"minecraft:cocoa_beans":170,"minecraft:splash_potion":7,"minecraft:azure_bluet":1,"minecraft:chicken":31,"minecraft:ladder":1,"minecraft:turtle_helmet":5,"minecraft:packed_ice":5,"minecraft:brown_mushroom":16,"minecraft:stone_brick_wall":5,"minecraft:gold_block":100,"minecraft:shield":8,"minecraft:oak_trapdoor":73,"minecraft:iron_axe":4,"minecraft:item_frame":21,"minecraft:blackstone":1442,"minecraft:detector_rail":2,"minecraft:light_gray_wool":16,"minecraft:lectern":676,"minecraft:sugar_cane":1976,"minecraft:blue_shulker_box":15,"minecraft:phantom_membrane":6,"minecraft:spruce_trapdoor":44,"minecraft:dark_oak_sapling":2,"minecraft:end_stone":114,"minecraft:bowl":2,"minecraft:polished_blackstone_bricks":215,"minecraft:stone_button":119,"minecraft:cookie":34,"minecraft:trident":4,"minecraft:stone_pressure_plate":4,"minecraft:tube_coral":1,"minecraft:arrow":555,"minecraft:weeping_vines":14,"minecraft:pumpkin_pie":42,"minecraft:nether_bricks":2675,"minecraft:pink_tulip":1,"minecraft:saddle":18,"minecraft:lime_stained_glass":4,"minecraft:netherite_boots":6,"minecraft:basalt":511,"minecraft:golden_carrot":58,"minecraft:crimson_stem":522,"minecraft:magenta_banner":6,"minecraft:salmon":14,"minecraft:leather":263,"minecraft:cut_sandstone":14,"minecraft:birch_planks":119,"minecraft:ice":115,"minecraft:wooden_hoe":1,"minecraft:crimson_fungus":5,"minecraft:chainmail_chestplate":4,"minecraft:nether_wart_block":275,"minecraft:yellow_bed":15,"minecraft:cobblestone_wall":15,"minecraft:gunpowder":401,"minecraft:orange_terracotta":3,"minecraft:cooked_mutton":97,"minecraft:red_carpet":19,"minecraft:fire_coral_block":14,"minecraft:iron_ingot":319,"minecraft:cooked_chicken":80,"minecraft:soul_sand":472,"minecraft:book":153,"minecraft:scaffolding":70,"minecraft:oak_slab":87,"minecraft:warped_fungus":5,"minecraft:nether_quartz_ore":3,"minecraft:emerald_block":68,"minecraft:birch_boat":2,"minecraft:pumpkin":29,"minecraft:stone_brick_slab":248,"minecraft:quartz":1321,"minecraft:dandelion":24,"minecraft:soul_torch":17,"minecraft:blast_furnace":39,"minecraft:white_bed":66,"minecraft:gold_ore":260,"minecraft:spider_eye":56,"minecraft:spruce_door":3,"minecraft:campfire":24,"minecraft:chainmail_leggings":5,"minecraft:iron_helmet":12,"minecraft:black_wool":16,"minecraft:netherite_hoe":1,"minecraft:coal":3221,"minecraft:wooden_axe":1,"minecraft:sunflower":2},"minecraft:custom":{"minecraft:interact_with_crafting_table":826,"minecraft:open_barrel":1119,"minecraft:bell_ring":166,"minecraft:leave_game":219,"minecraft:time_since_death":719361,"minecraft:damage_blocked_by_shield":6708,"minecraft:deaths":24,"minecraft:jump":123944,"minecraft:enchant_item":110,"minecraft:interact_with_furnace":656,"minecraft:play_record":6,"minecraft:traded_with_villager":2802,"minecraft:sleep_in_bed":280,"minecraft:damage_dealt":814238,"minecraft:interact_with_smoker":234,"minecraft:horse_one_cm":593099,"minecraft:interact_with_smithing_table":43,"minecraft:interact_with_anvil":125,"minecraft:inspect_hopper":39,"minecraft:sneak_time":840562,"minecraft:interact_with_blast_furnace":533,"minecraft:interact_with_stonecutter":54,"minecraft:time_since_rest":104852,"minecraft:swim_one_cm":1438276,"minecraft:fly_one_cm":28082672,"minecraft:open_chest":4401,"minecraft:fish_caught":2,"minecraft:fall_one_cm":5389491,"minecraft:animals_bred":68,"minecraft:open_shulker_box":882,"minecraft:damage_resisted":222,"minecraft:sprint_one_cm":19008595,"minecraft:drop":4407,"minecraft:talked_to_villager":2438,"minecraft:interact_with_brewingstand":48,"minecraft:walk_on_water_one_cm":1684449,"minecraft:play_one_minute":8793007,"minecraft:interact_with_loom":8,"minecraft:open_enderchest":303,"minecraft:player_kills":1,"minecraft:interact_with_beacon":20,"minecraft:crouch_one_cm":1625012,"minecraft:mob_kills":13928,"minecraft:interact_with_campfire":1,"minecraft:climb_one_cm":331081,"minecraft:walk_one_cm":22046747,"minecraft:raid_win":7,"minecraft:strider_one_cm":450,"minecraft:walk_under_water_one_cm":3254582,"minecraft:boat_one_cm":520679,"minecraft:raid_trigger":8,"minecraft:interact_with_grindstone":42,"minecraft:damage_taken":136036,"minecraft:damage_absorbed":1545,"minecraft:minecart_one_cm":269721,"minecraft:aviate_one_cm":81721147},"minecraft:mined":{"minecraft:dragon_wall_head":1,"minecraft:white_bed":51,"minecraft:fire_coral_wall_fan":3,"minecraft:jungle_leaves":11,"minecraft:obsidian":164,"minecraft:granite":848,"minecraft:chiseled_polished_blackstone":38,"minecraft:crimson_trapdoor":1,"minecraft:stone_brick_wall":5,"minecraft:jungle_log":54,"minecraft:coal_block":1,"minecraft:lime_stained_glass":4,"minecraft:oxeye_daisy":10,"minecraft:bubble_coral_block":31,"minecraft:nether_wart":92,"minecraft:hopper":54,"minecraft:tube_coral_block":10,"minecraft:crimson_fungus":1,"minecraft:chiseled_stone_bricks":2,"minecraft:spawner":7,"minecraft:weeping_vines_plant":19,"minecraft:polished_blackstone_bricks":274,"minecraft:tall_seagrass":195,"minecraft:magma_block":70,"minecraft:dark_oak_trapdoor":4,"minecraft:barrel":4,"minecraft:fire":1004,"minecraft:pumpkin":28,"minecraft:fletching_table":14,"minecraft:nether_brick_stairs":1,"minecraft:enchanting_table":3,"minecraft:oak_stairs":25,"minecraft:white_banner":1,"minecraft:iron_block":44,"minecraft:cut_sandstone":21,"minecraft:soul_wall_torch":1,"minecraft:brown_mushroom":13,"minecraft:kelp_plant":1,"minecraft:crimson_nylium":352,"minecraft:smoker":2,"minecraft:soul_fire":210,"minecraft:blue_stained_glass":3,"minecraft:torch":101,"minecraft:blast_furnace":38,"minecraft:melon":18,"minecraft:white_stained_glass_pane":1,"minecraft:dead_bush":3,"minecraft:spruce_wall_sign":3,"minecraft:glass":471,"minecraft:lime_shulker_box":53,"minecraft:sugar_cane":1147,"minecraft:spruce_sign":1,"minecraft:white_terracotta":3,"minecraft:light_gray_stained_glass":5,"minecraft:wheat":697,"minecraft:lilac":2,"minecraft:warped_fungus":4,"minecraft:stone_brick_stairs":5,"minecraft:grass":1752,"minecraft:loom":8,"minecraft:blue_shulker_box":15,"minecraft:red_mushroom_block":1,"minecraft:stonecutter":1,"minecraft:mossy_cobblestone":3,"minecraft:stripped_birch_log":4,"minecraft:dark_oak_log":141,"minecraft:end_stone":124,"minecraft:shulker_box":65,"minecraft:spruce_fence":4,"minecraft:nether_bricks":2858,"minecraft:crimson_roots":24,"minecraft:crimson_button":101,"minecraft:red_mushroom":1,"minecraft:horn_coral_wall_fan":4,"minecraft:black_stained_glass_pane":57,"minecraft:redstone_ore":518,"minecraft:snow":46,"minecraft:andesite":767,"minecraft:potatoes":1115,"minecraft:vine":5,"minecraft:rail":672,"minecraft:cobblestone_slab":38,"minecraft:respawn_anchor":4,"minecraft:brain_coral_wall_fan":1,"minecraft:bamboo_sapling":1,"minecraft:bamboo":77,"minecraft:bone_block":49,"minecraft:white_wool":12,"minecraft:fire_coral_block":17,"minecraft:ender_chest":35,"minecraft:smithing_table":1,"minecraft:oak_slab":49,"minecraft:soul_sand":253,"minecraft:stone_brick_slab":216,"minecraft:dandelion":13,"minecraft:polished_blackstone_brick_wall":310,"minecraft:cornflower":2,"minecraft:emerald_ore":6,"minecraft:warped_roots":1,"minecraft:crimson_slab":13,"minecraft:campfire":33,"minecraft:purpur_pillar":12,"minecraft:tall_grass":272,"minecraft:diorite":692,"minecraft:orange_carpet":173,"minecraft:black_stained_glass":1,"minecraft:cobblestone_wall":15,"minecraft:white_carpet":24,"minecraft:spruce_log":215,"minecraft:birch_leaves":41,"minecraft:sunflower":2,"minecraft:gravel":4767,"minecraft:cobweb":53,"minecraft:spruce_fence_gate":1,"minecraft:stone_bricks":74,"minecraft:gold_ore":248,"minecraft:chipped_anvil":4,"minecraft:infested_stone":9,"minecraft:fern":8,"minecraft:black_shulker_box":12,"minecraft:spruce_planks":35,"minecraft:farmland":3,"minecraft:oak_sapling":10,"minecraft:stone_pressure_plate":4,"minecraft:potted_cactus":1,"minecraft:brewing_stand":9,"minecraft:spruce_trapdoor":16,"minecraft:grass_block":3609,"minecraft:cracked_polished_blackstone_bricks":105,"minecraft:soul_soil":226,"minecraft:polished_blackstone_brick_slab":1,"minecraft:composter":25,"minecraft:sandstone_stairs":2,"minecraft:gilded_blackstone":1,"minecraft:glowstone":49,"minecraft:iron_ore":1343,"minecraft:turtle_egg":56,"minecraft:anvil":7,"minecraft:red_tulip":2,"minecraft:iron_bars":37,"minecraft:purple_carpet":5,"minecraft:end_stone_bricks":4,"minecraft:green_bed":8,"minecraft:spruce_slab":53,"minecraft:quartz_block":6,"minecraft:blackstone":1711,"minecraft:magenta_wall_banner":3,"minecraft:orange_terracotta":8,"minecraft:purpur_stairs":4,"minecraft:clay":5,"minecraft:poppy":22,"minecraft:beacon":8,"minecraft:chest":72,"minecraft:wither_skeleton_wall_skull":7,"minecraft:cobblestone":530,"minecraft:nether_quartz_ore":1356,"minecraft:grindstone":4,"minecraft:oak_planks":311,"minecraft:wall_torch":53,"minecraft:iron_door":12,"minecraft:cauldron":7,"minecraft:seagrass":226,"minecraft:fire_coral_fan":2,"minecraft:powered_rail":54,"minecraft:nether_wart_block":754,"minecraft:birch_log":496,"minecraft:yellow_wool":10,"minecraft:purpur_block":13,"minecraft:smooth_stone_slab":15,"minecraft:tnt":9,"minecraft:orange_tulip":25,"minecraft:oak_log":3115,"minecraft:beetroots":1,"minecraft:sand":4179,"minecraft:dirt":3070,"minecraft:crimson_planks":199,"minecraft:crying_obsidian":97,"minecraft:dispenser":2,"minecraft:netherrack":40158,"minecraft:ancient_debris":68,"minecraft:horn_coral_block":5,"minecraft:oak_leaves":1380,"minecraft:emerald_block":68,"minecraft:diamond_ore":141,"minecraft:red_carpet":19,"minecraft:nether_gold_ore":746,"minecraft:tube_coral":1,"minecraft:dark_oak_leaves":7,"minecraft:oak_door":11,"minecraft:red_stained_glass":30,"minecraft:lever":4,"minecraft:ladder":1,"minecraft:tube_coral_wall_fan":2,"minecraft:stone_button":36,"minecraft:weeping_vines":8,"minecraft:white_stained_glass":60,"minecraft:brown_mushroom_block":2,"minecraft:spruce_leaves":199,"minecraft:sandstone":73,"minecraft:crimson_stem":571,"minecraft:large_fern":19,"minecraft:hay_block":85,"minecraft:oak_trapdoor":73,"minecraft:spruce_sapling":4,"minecraft:furnace":15,"minecraft:carrots":427,"minecraft:polished_basalt":3,"minecraft:chiseled_sandstone":3,"minecraft:light_gray_shulker_box":34,"minecraft:gold_block":102,"minecraft:bell":4,"minecraft:nether_brick_fence":48,"minecraft:bookshelf":89,"minecraft:shroomlight":23,"minecraft:lantern":14,"minecraft:stripped_oak_log":8,"minecraft:packed_ice":6,"minecraft:stone":17535,"minecraft:redstone_wall_torch":2,"minecraft:scaffolding":25,"minecraft:magenta_stained_glass":1,"minecraft:soul_torch":2,"minecraft:basalt":1811,"minecraft:spruce_door":3,"minecraft:polished_granite":1,"minecraft:oak_fence":9,"minecraft:crafting_table":73,"minecraft:lectern":674,"minecraft:stone_slab":10,"minecraft:lapis_ore":77,"minecraft:polished_blackstone_brick_stairs":23,"minecraft:spruce_stairs":3,"minecraft:birch_planks":107,"minecraft:cactus":15,"minecraft:sea_pickle":3,"minecraft:polished_blackstone_slab":1,"minecraft:redstone_torch":12,"minecraft:sweet_berry_bush":32,"minecraft:ice":132,"minecraft:white_wall_banner":4,"minecraft:bee_nest":12,"minecraft:yellow_bed":15,"minecraft:grass_path":31,"minecraft:coal_ore":2322,"minecraft:cocoa":55,"minecraft:end_rod":3,"minecraft:bubble_coral_wall_fan":2,"minecraft:cracked_stone_bricks":1,"minecraft:mossy_stone_bricks":3}},"DataVersion":2586}