{"stats":{"minecraft:used":{"minecraft:oak_fence":3,"minecraft:stone_sword":63,"minecraft:stone_pickaxe":134,"minecraft:baked_potato":8,"minecraft:wooden_pickaxe":21,"minecraft:gold_ore":26,"minecraft:wooden_shovel":24,"minecraft:golden_apple":1,"minecraft:torch":3,"minecraft:crafting_table":2,"minecraft:crossbow":6,"minecraft:granite":21,"minecraft:diamond_pickaxe":498,"minecraft:wooden_axe":4,"minecraft:wooden_hoe":2,"minecraft:firework_rocket":8,"minecraft:grass_block":1,"minecraft:iron_pickaxe":601,"minecraft:cobblestone":2,"minecraft:totem_of_undying":1,"minecraft:stone_axe":3,"minecraft:golden_sword":27,"minecraft:diamond_sword":41,"minecraft:furnace":2,"minecraft:cooked_porkchop":1},"minecraft:broken":{"minecraft:stone_pickaxe":1,"minecraft:golden_sword":1,"minecraft:iron_pickaxe":1},"minecraft:crafted":{"minecraft:wooden_sword":1,"minecraft:oak_planks":24,"minecraft:wooden_shovel":1,"minecraft:crafting_table":3,"minecraft:spruce_planks":4,"minecraft:wooden_pickaxe":1,"minecraft:furnace":2,"minecraft:stone_axe":1,"minecraft:air":0,"minecraft:wooden_hoe":1,"minecraft:diamond_pickaxe":1,"minecraft:stick":16,"minecraft:compass":1,"minecraft:iron_ingot":11,"minecraft:iron_pickaxe":2,"minecraft:stone_pickaxe":1,"minecraft:wooden_axe":1,"minecraft:iron_shovel":1,"minecraft:stone_sword":1},"minecraft:killed_by":{"minecraft:player":1,"minecraft:skeleton":1,"minecraft:enderman":1,"minecraft:ender_dragon":1},"minecraft:killed":{"minecraft:cat":1,"minecraft:spider":1,"minecraft:skeleton":2,"minecraft:zombie":2,"minecraft:turtle":3,"minecraft:cow":1},"minecraft:dropped":{"minecraft:gravel":3,"minecraft:soul_soil":2,"minecraft:wheat_seeds":4,"minecraft:cobblestone":192,"minecraft:leather":4,"minecraft:granite":26,"minecraft:poppy":2,"minecraft:dirt":65,"minecraft:turtle_helmet":4,"minecraft:diamond_chestplate":2,"minecraft:diamond_pickaxe":1,"minecraft:seagrass":2,"minecraft:andesite":37,"minecraft:iron_ore":16,"minecraft:sand":28,"minecraft:wooden_pickaxe":1,"minecraft:stone_pickaxe":1,"minecraft:iron_pickaxe":1,"minecraft:string":22},"minecraft:picked_up":{"minecraft:wooden_axe":3,"minecraft:seagrass":10,"minecraft:netherite_boots":4,"minecraft:andesite":160,"minecraft:turtle_helmet":5,"minecraft:leather":5,"minecraft:diamond_sword":1,"minecraft:wooden_pickaxe":3,"minecraft:oak_log":6,"minecraft:golden_sword":1,"minecraft:wooden_hoe":3,"minecraft:lapis_lazuli":252,"minecraft:string":44,"minecraft:dirt":386,"minecraft:elytra":3,"minecraft:soul_soil":8,"minecraft:compass":1,"minecraft:iron_shovel":2,"minecraft:armor_stand":1,"minecraft:bone":4,"minecraft:blackstone":4,"minecraft:diamond_leggings":5,"minecraft:wheat_seeds":7,"minecraft:beef":2,"minecraft:iron_ingot":7,"minecraft:stone_pickaxe":2,"minecraft:iron_ore":151,"minecraft:poppy":4,"minecraft:iron_pickaxe":5,"minecraft:diamond_helmet":5,"minecraft:stone":1,"minecraft:lime_shulker_box":1,"minecraft:stick":93,"minecraft:cooked_porkchop":2,"minecraft:oak_fence":12,"minecraft:torch":13,"minecraft:gravel":3,"minecraft:sand":30,"minecraft:diorite":74,"minecraft:spruce_log":1,"minecraft:grass_block":1,"minecraft:redstone":99,"minecraft:gold_ore":57,"minecraft:firework_rocket":147,"minecraft:rotten_flesh":10,"minecraft:stone_sword":1,"minecraft:diamond_shovel":1,"minecraft:arrow":44,"minecraft:diamond_chestplate":3,"minecraft:diamond":4,"minecraft:stone_axe":1,"minecraft:crossbow":7,"minecraft:granite":139,"minecraft:golden_apple":1,"minecraft:emerald":1,"minecraft:totem_of_undying":1,"minecraft:baked_potato":178,"minecraft:netherite_chestplate":6,"minecraft:coal":270,"minecraft:cobblestone":1581},"minecraft:custom":{"minecraft:interact_with_furnace":5,"minecraft:mob_kills":12,"minecraft:interact_with_crafting_table":39,"minecraft:open_barrel":1,"minecraft:play_one_minute":133202,"minecraft:open_shulker_box":1,"minecraft:leave_game":7,"minecraft:time_since_death":32410,"minecraft:sleep_in_bed":2,"minecraft:climb_one_cm":17677,"minecraft:time_since_rest":32674,"minecraft:damage_absorbed":6,"minecraft:sprint_one_cm":84933,"minecraft:damage_taken":2181,"minecraft:walk_one_cm":572326,"minecraft:drop":38,"minecraft:damage_dealt":2767,"minecraft:fly_one_cm":47600,"minecraft:open_chest":4,"minecraft:crouch_one_cm":6263,"minecraft:deaths":4,"minecraft:sneak_time":1462,"minecraft:walk_under_water_one_cm":28924,"minecraft:aviate_one_cm":1350713,"minecraft:jump":1361,"minecraft:walk_on_water_one_cm":27971,"minecraft:fall_one_cm":31808},"minecraft:mined":{"minecraft:diamond_ore":4,"minecraft:emerald_ore":1,"minecraft:oak_fence":2,"minecraft:granite":26,"minecraft:grass_block":25,"minecraft:poppy":1,"minecraft:cobblestone":2,"minecraft:lapis_ore":12,"minecraft:diorite":33,"minecraft:redstone_ore":37,"minecraft:iron_ore":50,"minecraft:spruce_log":1,"minecraft:andesite":52,"minecraft:grass":21,"minecraft:oak_log":6,"minecraft:coal_ore":92,"minecraft:gravel":3,"minecraft:sand":1,"minecraft:dirt":46,"minecraft:cobweb":6,"minecraft:stone":836,"minecraft:gold_ore":32,"minecraft:oak_leaves":12,"minecraft:infested_stone":2}},"DataVersion":2586}